
{
    "region" : "eu-west-2",
    "configuration" : "Debug",
    "framework"     : "netcoreapp3.1",
    "self-contained" : true,
    "application"    : "DemoApp",
    "environment"    : "DemoApp-test",
    "enable-xray"    : true,
    "enhanced-health-type" : "enhanced",
    "additional-options"   : "",
    "solution-stack"       : "64bit Amazon Linux 2 v2.0.2 running .NET Core",
    "environment-type"     : "SingleInstance",
    "cname"                : "demoapp-test",
    "instance-type"        : "t2.micro",
    "key-pair"             : "HPpem",
    "instance-profile"     : "aws-elasticbeanstalk-ec2-role",
    "service-role"         : "aws-elasticbeanstalk-service-role",
    "proxy-server"         : "nginx"
}