
{
    "region" : "eu-west-2",
    "profile" : "VisualSudio",
    "configuration" : "Release",
    "tag"           : "demoapp:latest",
    "docker-build-working-dir" : "",
    "cluster"                  : "demoapp-cluster",
    "launch-type"              : "FARGATE",
    "launch-subnets"           : "subnet-836be5f9,subnet-23825e6f,subnet-4cc68425",
    "launch-security-groups"   : "sg-0a39d4ec3e048f6ad",
    "assign-public-ip"         : true,
    "task-definition-name"     : "DemoApp",
    "task-cpu"                 : "512",
    "task-memory"              : "1024",
    "task-definition-task-role" : "arn:aws:iam::746036654732:role/ecsTaskExecutionRole",
    "task-execution-role"       : "ecsTaskExecutionRole",
    "container-name"            : "DemoApp",
    "container-port-mapping"    : "80:80",
    "container-environment-variables" : "\"ASPNETCORE_ENVIRONMENT\"=\"Production\"",
    "skip-image-push"                 : false,
    "cluster-service"                 : "DemoApp",
    "desired-count"                   : 5,
    "deployment-minimum-healthy-percent" : 50,
    "deployment-maximum-percent"         : 200,
    "elb-target-group"                   : "arn:aws:elasticloadbalancing:eu-west-2:746036654732:targetgroup/DemoApp/cbf8ab906010beb4",
    "elb-container-port"                 : 80,
    "vstoolkit-deployment-mode"          : "DeployService"
}